Autore,Titolo,Editore,Classificazione
George Orwell,1984,Mondadori,Romanzo
Ilaria Beltramme,101 cose da fare a Roma almeno una volta nella vita,Newton Compton,Attualita
Trilussa,I Sonetti,Mondadori,Poesia
Ilaria Beltramme,101 perchè sulla storia di Roma che non puoi non sapere,Newton Compton,Attualita
Laura Rangoni,500 ricette di piatti unici,Newton Compton,Cucina
Claudio Giorlandino,A cavallo della luna. La storia di Pino,Tullio Pironti,Romanzo
Umberto Eco,Il Fascismo Eterno,La nave di Teseo,Saggi
Caroline Taggart,A Classical Education: The Stuff You Wish You'd Been Taught At School,Michael O'Mara,Lingue
Danielle Steel,A Good Woman,Corgi,Romanzo
Khaled Hosseini,A Thousand Splendid Suns,Riverhead Books,Romanzo
Jonathan Coe,A Touch of Love,Penguin,Romanzo
Patrick Weiller,Il Giudizio di Salomone,ElectaStorie,Romanzo
Nigel Rees,"A Word in Your Shell-Like: 6,000 Curious & Everyday Phrases Explained",HarperCollins UK,Lingue
Giuseppe Mazzini,Pensieri sulla democrazia in Europa,Feltrinelli,Politica
"Andrea Camilleri, Carlo Lucarelli",Acqua in bocca,Fastbook,Romanzo
Gianrico Carofiglio,Ad occhi chiusi,Sellerio Editore Palermo,Romanzo
Agatha Christie,"Addio, miss Marple",Mondadori,Gialli
"Davide Vasta, Marco Andrea De",Adobe Dreamweaver CS4,Apogeo,Informatica
"Marco Feo, Andrea Rotondo",Adobe Flash CS4. Creare e gestire animazioni e siti web interattivi e dinamici,Apogeo,Informatica
vuoto,Adobe Photoshop CS4. Lavorare con creativit? su fotografie e immagini digitali,Apogeo,Informatica
Edimatica,Adobe Photoshop CS5. Lavorare con creativit? su fotografie e immagini digitali,Apogeo,Informatica
"Nunzio Trotta, Domenico Belardo",Adobe Premiere Pro CS5. Guida all'uso,FAG,Video
Martin Hewings,Advanced Grammar in Use With CD ROM,Cambridge University Press,Lingue
"Richard Du Toit, Gerald Hinde, William Taylor",Africa's Big Five,Struik Publishers,Animali
vuoto,AJAX - Guida per lo sviluppatore,Hoepli,Informatica
Sigmund Freud,Al di la' del principio del piacere,Newton Compton,Psicologia
Antonio Nughes,Alghero,Zonza Editori,Viaggi
Bassett,Alice's Adventures in Wonderland (Oxford Bookworms Library),"Oxford University Press, USA",Lingue
William F. Wheeler,"Alive in Africa: My Journeys on Foot in the Sahara, Rift Valley, and Rain Forest",Lyons Press,Avventura
"Wilbur Smith, G. Hirzer",Alle fonti del Nilo,Longanesi,Romanzo
Annalisa Andreoni,Ama l'italiano. Segreti e meraviglie della lingua più bella,Piemme,Lingue
Alberto Angela,Amore e sesso nell'antica Roma,Mondadori,Storia
Khaled Hosseini,And the Mountains Echoed,Bloomsbury Publishing PLC,Romanzo
Dan Brown,Angeli E Demoni,European Schoolbooks,Romanzo
"Andrea Carandini, M. C. Capanna, M. Ippoliti",Angoli di Roma. Guida inconsueta alla città antica,Laterza,Archeologia
Alberto Bevilacqua,Anima carnale,Mondadori,Romanzo
"George Orwell, Malcolm Bradbury",Animal Farm: A Fairy Story (Penguin Modern Classics),Penguin Classics,Romanzo
Jorge Luis Borges,Finzioni,ET Scrittori,Romanzo
"Publio Cornelio Tacito, Bianca Ceva, B. Ceva, Cesare Questa",Annali. Testo latino a fronte,BUR Biblioteca Univ. Rizzoli,Classici
Giorgio Bocca,Annus horribilis,Feltrinelli,Attualita
Ansel Adams,"The Camera (Ansel Adams Photography, Book 1)","Little, Brown",Fotografia
vuoto,Apache Pocket Reference,O'Really - HOPS,Informatica
"Hugh E. Williams, David Lane",Applicazioni Web database con PHP e MySQL,Tecniche Nuove,Informatica
Andrea Augello,Arditi contro. I primi anni di piombo a Roma 1919-1923,Ugo Mursia Editore,Storia
"Kelly M. Greenhill, P. Faccia",Armi di migrazione di massa,Libreria Editrice Goriziana,Sociologia
Danila Comastri Montanari,Ars moriendi. Indagine a Pompei,Hobby Work Publishing,Romanzo
vuoto,ASP.NET 2.0,Wrox - Hoepli,Informatica
Dk,Atlas (World Atlas),Dorling Kindersley Publishers Ltd,Geografia
Ian McEwan,Atonement,Vintage Books,Romanzo
Christine Lindop,"Australia and New Zealand: Stage 3 (Oxford Bookworms Library, Factfiles)",Oxford University Press,Lingue
Jorge Luis Borges,L'Aleph,Feltrinelli,Romanzo
"Matteo Trasi, Luigi Santapaga",AutoCad 2011,Apogeo,CAD
Massimo Mantellini,Bassa risoluzione,Vele,Sociologia
"J. G. Williams, Norman Arlott, Roger Tory Peterson Institute",Birds of East Africa (Collins Field Guides),Collins,Animali
Ian Rankin,Black & Blue,Orion Books,Gialli
Carsten. Wartmann,Blender. La guida. Con CD-ROM.,Mondadori Informatica,Informatica
"Aldous Huxley, Margaret Atwood",Brave New World,Vintage Classics,Romanzo
"Christopher Negus, Francois Caen","BSD UNIX Toolbox: 1000+ Commands for FreeBSD, OpenBSD and NetBSD",Wiley,Informatica
Deitel & Deitel,C - Corso completo di programmazione,Apogeo,Informatica
vuoto,C# 2005 Guida per lo sviluppatore,Hoepli,Informatica
"Harvey M. Deitel, Paul J. Deitel",C++ Fondamenti di programmazione,Apogeo,Informatica
"Harvey M. Deitel, Paul J. Deitel",C++ Tecniche avanzate di programmazione,Apogeo,Informatica
"Jorge Amado, C. M. Valentinetti",Cacao,Mondadori,Romanzo
Wilbur Smith,Cacciatori di diamanti,Tea,Romanzo
Simonetta Agnello Hornby,Caffè amaro,Feltrinelli Editore S.R.L,Romanzo
"Louise Hashemi, Barbara Thomas",Cambridge Grammar for First Certificate With Answers and Audio CD (Cambridge Grammar for Exams),Cambridge University Press,Lingue
vuoto,Cambridge Idioms Dictionary,Cambridge University Press,Lingue
Pino Cacucci,Camminando. Incontri di un viandante,Feltrinelli,Romanzo
Bassett,Canterville Ghost (Oxford Bookworms),"Oxford University Press, USA",Lingue
Nina M. Mart?nez,Caramba!,Garzanti Libri,Romanzo
aa.vv.,Carpe diem. Le più belle citazioni latine,Demetra,Lingue
Lucarelli Carlo,Carta Bianca,Einaudi,Romanzo
Danila Comastri Montanari,Cave canem,Hobby Work Publishing,Romanzo
Gabriel Garcia Marquez,Cent'anni di solitudine,Repubblica,Romanzo
"Richard Courant, Herbert Robbins, I. Stewart, L. Ragusa Gilli",Che cos'è la matematica?,Bollati Boringhieri,Matematica
Niccolo Ammaniti,Che la festa Cominci,Einaudi,Romanzo
Jonathan Coe,Circolo Chiuso,Feltrinelli,Romanzo
Christian Jacq,CLAIRE,MONDADORI,Romanzo
aa vv,Colosseo-Palatino-Foro romano-Domus Aurea. Ediz. italiana,Mondadori Electa,Archeologia
Ferdinand Petrie,"Come disegnare i paesaggi. Tutte le fasi per realizzare a matita ogni singolo elemento del paesaggio: alberi, montagne, colline, rocce, scenari industriali...",Newton Compton,Arte
Hogart Burne,Come disegnare la figura vestita. Per riprodurre nel migliore dei modi pieghe e drappeggi,Newton Compton,Arte
Giuseppe Montesano,Come diventare vivi. Un vademecum per lettori selvaggi,Passaggi,Saggi
Wilbur Smith,Come Il Mare,Tea,Romanzo
Giacomo Matteotti,Contro il fascismo-Un anno di dominazione fascista,West Indian,Politica
Enrico Letta,Contro venti e maree. Idee sull'Europa e sull'Italia. Conversazione con Sébastien Millard,Il Mulino,Politica
"Cay S. Horstmann, Gary. Cornell",Core Java 2,Pearson Prentice Hall,Informatica
"Cay S. Horstmann, Gary Cornell",Core Java 2. Vol. 1: Fondamenti.,Pearson Education Italia,Informatica
Luciano DeCrescenzo,Cosi parlo Bellavista.,Fastbook,Narrativa
Mike Davis,Costruire applicazioni cpn Access (versioni 97 e 2000),Apogeo,Informatica
Roberto Chimenti,Costruire siti dinamici con Joomla! 1.5,Hoepli,Informatica
Tiziano Fogliata,Creare blog e siti web con WordPress,Hoepli,Informatica
Riccardo Falcinelli,Cromorama. Come il colore ha cambiato il nostro sguardo,Einaudi. Stile Libero Extra,Arte
"M.J. Easton, Jason King","Cross-Platform .NET Development: Using Mono, Portable.NET, and Microsoft .NET",Apress,Informatica
Dan Brown,Crypto,Mondadori,Romanzo
Gianluca Troiani,CSS,Apogeo,Informatica
Fabio Fracas,Cubase 4. Musica digitale. Guida pratica per diventare musicisti digitali. Con CD-ROM,Sprea Book,Musica
Danila Comastri Montanari,Cui prodest?,Hobby Work Publishing,Romanzo
Paolo Bertetto,Cuore scuro,Piemme,Romanzo
Costantino Maes,Curiosità romane,Ab Edizioni,Narrativa
Lin Anderson,Dark Flight,Hodder Paperback,Gialli
Tobias Jones,"Dark Heart of Italy, The",Faber,Politica
Paolo Giudici,"Data mining. Modelli informatici, statistici e applicazioni",McGraw-Hill Companies,Informatica
"Matteo Golfarelli, Stefano Rizzi",Data Warehouse. Teoria e pratica della progettazione. Con CD-ROM,McGraw-Hill Companies,Informatica
Bassett,David Copperfield (Oxford Bookworms Library Classics),"Oxford University Press, USA",Lingue
Tito Lucrezio Caro,De rerum natura. Testo latino a fronte,UTET,Classici
Lin Anderson,Deadly Code,Hodder,Gialli
Gigi Proietti,Decamerino. Novelle dietro le quinte,Best Bur,Attualita
"Giovanni Boccaccio, R. Marrone",Decameron. Ediz. integrale,I Minimammut,Classici
vuoto,DELPHI 6,Apogeo,Informatica
Michele Brambilla,Dieci anni di illusioni. Storia del Sessantotto,Rizzoli,Politica
Alberto Siliotti,Dimore Eterne,White Star,Archeologia
Fernando Picchi,"Dizionario d'uso dei phrasal verbs. Inglese-italiano. Dizionario completo dei verbi frasali inglesi, glossario di verbi italiani tradotti con phrasal verbs",Hoepli,Lingue
Fernando Ravaro,Dizionario romanesco,Newton Compton,Lingue
Jonathan Coe,Donna per caso,Feltrinelli,Romanzo
Elie Wiesel,Dopo la notte,Garzanti Libri,Romanzo
Wilbur Smith,Dove Finisce L'arcobaleno - Quattro Destini Uniti in Un Sogno Di Spreanza E Liberta,Tea,Romanzo
"Robert Louis Stevenson, Rosemary Border",Dr Jekyll and Mr Hyde: 1400 Headwords (Oxford Bookworms Library),Oxford University Press,Lingue
Lin Anderson,Driftnet (Rhona MacLeod),Hodder Stoughton,Gialli
Danila Comastri Montanari,Dura lex,Hobby Work Publishing,Romanzo
Federico Palmaroli,E so' problemi,Rizzoli,Humor
Lin Anderson,Easy Kill,Hodder,Gialli
Mladen Gogala,Easy Oracle PHP: Create Dynamic Web Pages with Oracle Data (Easy Oracle Series),Rampant Techpress,Informatica
Ferruccio Parazzoli,Eclisse del Dio unico,Il Saggiatore,Religione
"Rob Humphreys, Donald Reid",Edimburgo,Vallardi Viaggi,Viaggi
Rose-Marie Hagen,Egitto. Popolo divinità faraoni,Taschen,Archeologia
Hannah Arendt,Eichmann and the Holocaust,Penguin,Storia
Alessandro Baricco,Emmaus,Feltrinelli Editore S.R.L,Narrativa
"Michael McCarthy, Felicity O'Dell",English Vocabulary in Use Upper-Intermediate with answers,Cambridge University Press,Lingue
Andrea Camilleri,Esercizi di memoria,Rizzoli,Narrativa
Marco Beri,Espressioni regolari,Apogeo,Informatica
Tony Siluro Ventilatio,Estetica della scorreggia. Appunti per una buona applicazione della tromba di culo ad uso dei cultori,Scipioni,Humor
Baruch Spinoza,Etica,Bompiani,Filosofia
Gianni Giaccaglini,Excel e Office VBA. La guida completa. Con CD-ROM,Hoepli,Informatica
Antonio Pennacchi,Fascio e martello. Viaggio per le città del duce,Economica Laterza,Storia
"Judith Wilson, Richard Acklam, Jacky Newbrook",FCE Gold Plus (Gold),"Pearson Longman, ELT",Lingue
"Sally Burgess, Judith Wilson, Jacky Newbrook",FCE Gold Plus Maximiser: No Key (Gold),"Pearson Longman, ELT",Lingue
Najma Dharani,Field Guide to Common Trees and Shrubs of East Africa,Struik Publishers,Viaggi
Wilbur Smith,Figli Del Nilo,Longanesi,Romanzo
Roberto Celano,FileMaker PRO - Guida Pratica,Mondandori,Informatica
Lin Anderson,Final Cut (Rhona MacLeod),Hodder Stoughton,Gialli
Alex C. Raccuglia,Final Cut Pro per i professionisti,Apogeo,Video
Massimiliano D'Andrea,Final Cut studio 2. Con CD-ROM,Sprea Book,Video
A. P. Chekhov,Five Comic One-Act Plays (Dover Thrift Editions),Dover Publications Inc.,Lingue
"Robert Reinhardt, Snow Dowd",Flash CS3. Con CD-ROM,Hoepli,Informatica
Massimo Introvigne,Fondamentalismi. I diversi volti dell'intransigenza religiosa,Piemme,Religione
Giulio Forti,Fotografia. Teoria e pratica della Reflex,Reflex,Fotografia
Mary Shelley,Frankenstein. Con CD Audio. Con CD-ROM. Con espansione online,ELI,Lingue
"Michael Wolff, I. Annoni, E. Cantoni",Fuoco e furia. Dentro la Casa Bianca di Trump,Saggi Stranieri,Attualita
Jorge Amado,"Gabriela, cravo e canela",Dom Quixote,Romanzo
Danila Comastri Montanari,Gallia est,Hobby Work Publishing,Romanzo
"De Fabianis, Valeria Manferto",Gente. Immagini dal mondo,White Star,Viaggi
Danila Comastri Montanari,Giallo antico. Come si scrive un poliziesco storico,Hobby Work Publishing,Manuali
vuoto,"GIMP, Pocket Guide",O'Really - HOPS,Grafica
Guido Barbujani,Gli africani siamo noi. Alle origini dell'uomo,I Robinson. Letture,Sociologia
Wilbur Smith,Gli eredi dell'eden,Tea,Romanzo
"Nicolas d'Estienne D'Orves, C. Lionetti",Gli orfani del male,Sperling,Romanzo
"Sandro Pertini, P. Pierri",Gli uomini per essere liberi,Add Editore,Politica
vuoto,GLOBUS Enciclopedia dei paesi e degli itinerari: Stati Uniti e Canada,Mondadori,Viaggi
Roberto Saviano,Gomorra. Viaggio nell'impero economico e nel sogno di dominio della camorra,Mondadori,Sociologia
Elisabetta Perini,Grammatica italiana per tutti,Giunti Editore,Lingue
Angelo D'Orsi,Gramsci. Una nuova biografia,Feltrinelli,Politica
Erri De Luca,La Natura Esposta,Feltrinelli,Romanzo
Andrea Camilleri,Gran circo Taddei e altre storie di Vigàta,Sellerio Editore Palermo,Romanzo
Clotilde Vesco,Guida alla cucina etrusca. Cibi e divertimenti in Etruria,scipioni,Cucina
J.K. Rowling,Harry Potter and the Deathly Hallows,Bloomsbury Publishing PLC,Romanzo
Joanne K. Rowling,Harry Potter e la maledizione dell'erede,Salani Editore S.P.a.,Romanzo
June Newton,Helmut Newton,Taschen America Llc,Fotografia
Philippe Daverio,Ho finalmente capito l'Italia. Piccolo trattato ad uso degli stranieri (e degli italiani),Arte,Sociologia
Carlo S. Capogreco,I campi del Duce. L'internamento civile nell'Italia fascista (1940-1943),Einaudi,Storia
Renato Mammucari,I castelli romani. Un viaggio nello spazio e nel tempo,LuoghInteriori,Viaggi
"Ian Sidaway, L. Bises",I colori. Come mescolarli per ottenere le tinte desiderate,Tecniche Artistiche,Arte
"Glenn Cooper, G. Arduino",I custodi della biblioteca,Nord,Romanzo
"Marco Consentino, Domenico Dodaro, Luigi Panella",I fantasmi dell'Impero,Sellerio Editore Palermo,Romanzo
"Gina Buonaguro, Janice Kirk, S. D'Ovidio",I lupi del Vaticano,Newton Compton,Romanzo
Simon Cox,"I segreti del Codice da Vinci. Guida non autorizzata a fatti, personaggi e misteri del Codice da Vinci",L'Et? dell'Acquario,Narrativa
Gill Barron,I segreti dell'acrilico,Disegno E Tecniche Pittoriche,Arte
Corrado Augias,I Segreti di Londra,Mondadori,Viaggi
Giulia Fiore Coltellacci,I segreti tecnologici degli antichi romani,Newton Compton,Storia
Alberto Bevilacqua,I sensi incantati,Mondadori,Romanzo
Andrea Camilleri,I sogni di Andrea Camilleri,Fuori Collana,Narrativa
Barack Obama,I sogni di mio padre. Un racconto sulla razza e l'eredit,Nutrimenti,Politica
"Alessandro Bongiovanni, Maria Sole Croce",I Tesori dell'Antico Egitto,White Star,Archeologia
Alberto Angela,"I tre giorni di Pompei: 23-25 ottobre 79 d. C. Ora per ora, la più grande tragedia dell'antichit",Rizzoli,Storia
Caroline Taggart,I Used to Know That: A Classical Education,Michael O Mara Publications,Lingue
Patrick Scrivenor,I Used to Know That: English,Michael O Mara Publications,Lingue
Marianne Taylor,I Used to Know That: General Science,Michael O'Mara Books Ltd,Lingue
M. Craveri,I vangeli apocrifi,Einaudi,Religione
Matilde Asensi,Iacobus,Sonzogno,Romanzo
vuoto,Il Broglio,vuoto,Narrativa
Khaled Hosseini,Il Cacciatore Di Aquiloni,Piemme,Romanzo
"Glenn Cooper, R. Zuppet",Il calice della vita,Nord,Romanzo
Andrea Camilleri,Il campo del vasaio,Sellerio Editore Palermo,Romanzo
Umberto Eco,Il cimitero di Praga,Bompiani,Romanzo
Doris Lessing,Gatti molto speciali,Feltrinelli,Romanzo
"Daniel Estulin, M. Zanarini",Il club Bilderberg. La storia segreta dei padroni del mondo,Arianna Editrice,Sociologia
Dan Brown,Il Codice Da Vinci,Mondadori,Romanzo
Andrea Camilleri,Il colore del sole,Mondadori,Romanzo
aa.vv.,Il Corano,Libritalia,Religione
Wilbur Smith,Il destino del cacciatore,Longanesi,Romanzo
Wilbur Smith,Il destino del leone,Tea,Romanzo
Andrea Camilleri,"Il diavolo, certamente",Mondadori,Romanzo
"Wilbur Smith, R. Rambelli",Il dio del fiume,La Gaja Scienza,Romanzo
Stefano Rodot,Il diritto di avere diritti,Laterza,Diritto
Corrado Augias,Il disagio della libertà. Perchè agli italiani piace avere un padrone,Rizzoli,Sociologia
"Siegfried Lenz, R. Cravero",Il disertore,Neri Pozza,Romanzo
T.K.V. Desikachar,Il Cuore dello Yoga,Ubaldini Editore Roma,Benessere
Boris Pasternak,Il Dottor Zivago,Feltrinelli,Romanzo
Christian Jacq,Il Faraone Nero,Mondadori,Romanzo
Dieter Schlesak,Il farmacista di Auschwitz,Garzanti Libri,Romanzo
Christian Jacq,Il Figlio Della Luce (Italian Edition),Mondadori,Romanzo
Giuseppe Tomasi di Lampedusa,Il Gattopardo,Feltrinelli Traveller,Romanzo
Giorgio Bassani,Il giardino dei Finzi-Contini,Feltrinelli,Romanzo
Andrea Camilleri,Il gioco degli specchi,Sellerio di Giorgianni,Romanzo
Carlos Ruiz Zafon,Il gioco dell'angelo,Mondadori,Romanzo
Andrea Camilleri,Il giro di boa,Sellerio Editore Palermo,Romanzo
"Philip Whitfield, I.C.J. Galbraith",Il grande libro degli uccelli,Vallardi,Viaggi
Massimo Cotto,Il grande libro del rock (e non solo). Musica per tutti i giorni dell'anno,BUR Biblioteca Univ. Rizzoli,Musica
Simonetta Agnello Hornby,Boccamurata,Feltrinelli,Romanzo
Mauro Raccasi,Il guerriero di Stonehenge,Piemme,Romanzo
"Asne Seierstad, G. Paterniti",Il libraio di Kabul,Sonzogno,Romanzo
Scott Kelby,Il libro della fotografia digitale vol.2,Pearson,Fotografia
Scott Kelby,Il libro della fotografia digitale vol.3,Pearson,Fotografia
Scott Kelby,Il libro della fotografia digitale Vol.1,Pearson,Fotografia
"Glenn Cooper, G. P. Gasperi, V. Februari",Il libro delle anime,Nord,Romanzo
Ernesto Che Guevara,Latinoamericana,Mondadori,Autobiografico
"John Lloyd, John Mitchinson, A. Montrucchio",Il libro dell'ignoranza. Che cosa ? verit? e che cosa ? semplicemente una panzana? Il libro-gioco che svela le nostre false conoscenze,Einaudi,Sociologia
"Ken Arnold, James Gosling, David Holmes",Il linguaggio Java. Manuale ufficiale,Pearson Education Italia,Informatica
Andrea Camilleri,Il medaglione,Mondadori,Romanzo
"Gaetano Salvemini, S. Bucchi",Il ministro della mala vita,Bollati Boringhieri,Storia
Nino Taranto,Il muro del sorriso,CISU,Humor
Andrea Camilleri,Il nipote del Negus,Sellerio Editore,Romanzo
Betty Edwards,Il nuovo disegnare con la parte destra del cervello,Longanesi,Arte
Ivano Dionigi,Il presente non basta. La lezione del latino,Mondadori,Lingue
Carlos Ruiz Zafon,Il principe della nebbia,SEI,Romanzo
Frederick Forsyth,Il pugno di Dio,Mondadori,Romanzo
Doris Lessing,Il quinto figlio,Feltrinelli,Romanzo
Andrea Camilleri,Il re di Girgenti,Sellerio Editore Palermo,Romanzo
Tony Park,Il respiro della savana,TEA,Romanzo
"Glenn Cooper, M. Bottini",Il segno della croce,Nord,Romanzo
Christian Jacq,Il segreto dei geroglifici. Come entrare nel magico mondo degli antichi egizi,Piemme,Lingue
Roberto Giacobbo,Il segreto di Cheope: Alla ricerca del tesoro perduto delle piramidi (I volti della storia) (Italian Edition),Newton Compton,Archeologia
"Wilbur Smith, R. Rambelli",Il settimo papiro,La Gaja Scienza,Romanzo
"Dan Brown, A. Biavasco, V. Guani, N. Lamberti, A. Raffo, R. Scarabelli",Il simbolo perduto,Mondadori,Romanzo
Gaetano Pecora,La scuola laica: Gaetano Salvemini contro i clericali,Donzelli Editore,Politica
Piercamillo Davigo,Il sistema della corruzione,Laterza,Politica
Sigmund Freud,Il sogno e la sua interpretazione,Newton Compton,Psicologia
Andrea Camilleri,Il sonaglio,Sellerio Editore,Romanzo
Andrea Camilleri,Il tailleur grigio,Mondadori,Romanzo
Jean-Michel Thibaux,Il tesoro dell'abate Sauniére,Sonzogno,Romanzo
"Edward Luce, C. Melloni",Il tramonto del liberalismo occidentale,Einaudi. Stile Libero Extra,Economia
"Michel Benoìt, P. Lanterna",Il tredicesimo apostolo,Piemme,Romanzo
"Omero, M. Savini, V. Monti",Iliade. Ediz. integrale,I Minimammut,Classici
"Simone Casu, Giovanni Spinicchia",Impara a disegnare. Corso completo di disegno con il metodo Ve.ra.di. Vedere ragionare disegnare,Macro Edizioni Gold,Arte
Clinton Pierce,Imparare Perl in 24 ore. Con CD-ROM,Tecniche Nuove,Informatica
"Alberto Angela, L. Tarlazzi",Impero. Viaggio nell'Impero di Roma seguendo una moneta,Mondadori,Storia
Graham Hancock,Impronte degli dei,TEA,Storia
Jorge Volpi,In cerca di Klingsor,Mondadori,Romanzo
"Danila Comastri Montanari, L. Sanvito",In corpore sano,Hobby Work Publishing,Romanzo
"Corrado Augias, Mauro Pesce",Inchiesta su Gesu? : chi era l?uomo che ha cambiato il mondo,Mondadori,Religione
"Robert Andrews, Jules Brown, Phil Lee, Rob Humphreys",Inghilterra,Vallardi Viaggi,Viaggi
Oriana Fallaci,Insciallah,BUR Biblioteca Univ. Rizzoli,Romanzo
"John Peter Sloan, S. Pedroni",Instant english,Gribaudo,Lingue
Carlo Lucarelli,Intrigo italiano,Einaudi,Romanzo
vuoto,Introduzione a SQL,Addison Wesley,Informatica
Giorgio Faletti,Io sono Dio,Baldini Castoldi Dalai,Romanzo
Giorgio Faletti,Io uccido,Dalai Editore,Romanzo
Tim Vicary,Ireland: 700 Headwords (Oxford Bookworms Library),Oxford University Press,Lingue
"Margaret Greenwood, Geoff Wallis, Mark Connolly, Hildi Hawkins",Irlanda,Vallardi Viaggi,Viaggi
"Aldous Huxley, David Bradshaw",Island,Vintage Classics,Romanzo
Aaron E. Walsh,J2EE,McGraw-Hill Companies,Informatica
vuoto,JAVA 2,McGraw-Hill Companies,Informatica
"Danny Goodman, Michael Morrison",ja<x>vascript. La guida,McGraw-Hill Companies,Informatica
vuoto,JOOMLA,Hoepli,Informatica
Sylvio Fresco,Kenya,Ulysse Network,Viaggi
Christian Jacq,KEOPS IL ROMANZO DELLA PIRAMIDE (IL TESTAMENTO DEGLI DEI TRADUCCION DE PATRICIA CHENDI),MONDADORI,Romanzo
Manfred Clauss,"L' antico Egitto. Dagli albori della civiltà egiziana alla formazione del primo Impero, il Nuovo Regno e la grande regina Cleopatra",Newton Compton,Archeologia
Sigmund Freud,L' uomo Mosè e la religione monoteistica,Bollati Boringhieri,Psicologia
Giancarlo De Cataldo,"L'India, l'elefante e me",Rizzoli,Viaggi
Richard Branson,"Screw it, let's do it",Virgin books,Autobiografico
"Lin Anderson, L. Rodin?",La bambina che giocava con il fuoco,Newton Compton,Gialli
Ernesto Che Guevara,Il pensiero di Che Guevara,Edizioni Unicopli,Politica
"Hannah Arendt, P. Bernardini",La banalità del male. Eichmann a Gerusalemme,Universale Economica. Saggi,Storia
Jonathan Coe,La banda dei brocchi,Feltrinelli,Romanzo
"Glenn Cooper, G. P. Gasperi",La biblioteca dei morti,Nord,Romanzo
Giorgio Chinnici,Guarda caso: I meccanismi segreti del mondo quantistico,hoepli,Fisica
Andrea Camilleri,La caccia al tesoro,Sellerio Editore,Romanzo
"Roland Barthes, Renzo Guidieri, R. Guidieri",La camera chiara. Nota sulla fotografia,Einaudi,Fotografia
Gerri Brightwell,La casa dei segreti,Newton Compton,Romanzo
Jonathan Coe,La Casa Del Sonno (Universale Economica) (Italian Edition),Feltrinelli,Romanzo
"Carlo Verdone, F. Maiello",La casa sopra i portici,Bompiani,Attualita
Martin Rua,La cattedrale dei nove specchi. Parthenope trilogy,Newton Compton,Romanzo
Baldassarre Mancuso,La città eterna,Fermenti,Romanzo
Andrea Camilleri,La concessione del telefono,Sellerio Editore Palermo,Romanzo
Livio Jannattoni,La cucina romana e del Lazio,Newton Compton,Cucina
Andrea Camilleri,La danza del gabbiano,Sellerio Editore,Romanzo
Pierre Dukan,La dieta Dukan,Sperling Kupfer,Dieta
Andrea Frediani,La dinastia. Il romanzo dei cinque imperatori,Newton Compton,Romanzo
Rodolfo Lanciani,La distruzione dell'antica Roma. Lo scempio dei monumenti nel corso dei secoli,Intra Moenia,Archeologia
"Dante Alighieri, L. Polacco, G. Vandelli",La Divina Commedia,Letteratura,Classici
Jonathan Coe,La Famiglia Winshaw (Universale Economica) (Italian Edition),Feltrinelli,Romanzo
Apuleio,La favola di Amore e Psiche. Testo latino a fronte,I Minimammut,Classici
"Tiziano Terzani, Folco Terzani",La fine è il mio inizio,Longanesi,Biografia
Andrea Camilleri,La forma dell'acqua,Sellerio Editore Palermo,Romanzo
Mario Pincherle,La Grande piramide e lo Zed : nuove scoperte nella piramide : come fu costruita e cosa nasconde,Macro,Archeologia
Edward N. Luttwak,La grande strategia dell'impero romano,BUR Biblioteca Univ. Rizzoli,Storia
Wilbur Smith,La legge del deserto,Longanesi,Romanzo
"Laurence Gardner, M. E. Morin",La linea di sangue del Santo Graal. La storia segreta dei discendenti del Graal,Newton Compton,Storia
"Andrea Camilleri, Tullio De Mauro",La lingua batte dove il dente duole,Laterza,Lingue
Carlo Goldoni,La locandiera,Newton Compton,Commedia
Andrea Camilleri,La luna di carta,Sellerio Editore Palermo,Romanzo
Guido Melis,La macchina imperfetta. Immagine e realtà dello Stato fascista,Collezione Di Testi E Di Studi,Storia
"Enrico Mentana, Liliana Segre",La memoria rende liberi. La vita interrotta di una bambina nella Shoah,Rizzoli,Storia
Simonetta Agnello Hornby,La Mennulara,Feltrinelli,Romanzo
"Giulietto Chiesa, Guido Cosenza, Luigi Sertorio",La menzogna nucleare. Perchè tornare all'energia atomica sarebbe gravemente rischioso e completamente inutile,Ponte alle Grazie,Ambiente
Andrea Camilleri,La mossa del cavallo,BUR Biblioteca Univ. Rizzoli,Romanzo
"Elie Wiesel, D. Vogelmann",La notte,Giuntina,Romanzo
Wilbur Smith,La notte del Leopardo,Tea,Romanzo
Roberto Riccardi,La notte della rabbia,Einaudi. Stile Libero Big,Romanzo
Andrea Camilleri,La paura di Montalbano,Mondadori,Romanzo
Jonathan Coe,La pioggia prima che cada,Feltrinelli,Romanzo
Andrea Camilleri,La pista di sabbia,Sellerio Editore Palermo,Romanzo
Antonio Gramsci,La Questione Meridionale,CreateSpace Independent Publishing Platform,Politica
Andrea Camilleri,La Regina di Pomerania: E altre storie di Vigàta,Sellerio Editore,Romanzo
Giordano Sivini,La resistenza dei vinti. Percorsi nell'Africa contadina,Feltrinelli,Sociologia
Andrea Camilleri,La rete di protezione,Sellerio Editore Palermo,Romanzo
"Irving Sloane, T. Rizzi, E. Torchio",La riparazione della chitarra. Manuale sulla riparazione delle chitarre e degli strumenti tastati,Cremonabooks,Hobby
"Lynn Picknett, Clive Prince",La rivelazione dei templari,Sperling & Kupfer,Religione
Bruno Tinti,La rivoluzione delle tasse. Contro il partito degli evasori,Chiarelettere,Politica
Andrea Camilleri,La rizzagliata,Sellerio Editore,Romanzo
Luciano Canfora,La schiavità del capitale,Il Mulino,Economia
Marco Travaglio,La scomparsa dei fatti. Si prega di abolire le notizie per non disturbare le opinioni,Il Saggiatore,Sociologia
Leonardo Sciascia,La Scomparsa di Majorana,Adelphi,Storia
Andrea Camilleri,La Setta Degli Angeli,Sellerio di Giorgianni,Romanzo
Paolo Giordano,La solitudine dei numeri primi,Mondadori,Romanzo
Wilbur Smith,La spiaggia infuocata,Tea,Romanzo
vuoto,La Storia Vol.1 dalla preistoria agli Egizi,Repubblica,Storia
Paulo Cohelo,La Strega di Portobello,BOMPIANI,Romanzo
Andrea Camilleri,La targa,Scala Italiani,Romanzo
Elido Fazi,"La terza guerra mondiale? La verità sulle banche, Monti e l'euro",Fazi,Economia
"Steve Berry, E. Villa",La tomba di ghiaccio,Nord,Romanzo
Andrea Camilleri,La vampa d'agosto,Sellerio Editore Palermo,Romanzo
Dan Brown,La Verita Del Ghiaccio,Arnoldo Mondadori Editore,Romanzo
Tacconi,La Verità Perduta,Mondadori,Romanzo
Wilbur Smith,La voce del tuono,Tea,Romanzo
Franz Monssen,Laboratorio di circuiti elettrici con OrCAD PSpice,Apogeo,Elettronica
Leonardo Sciascia,L'affaire Moro (Piccola Biblioteca Adelphi),Adelphi,Politica
Gabriel Garcia Marquez,L'Amore ai Tempi del Colera,Mondadori,Romanzo
Catherine Salles,L'amore al tempo dei romani,Gremese Editore,Storia
José Saramago,Cecità,Feltrinelli,Romanzo
Arthur Phillips,L'Archeologo,Rizzoli,Gialli
Ovidio,L'Arte d'Amare,Rizzoli - RCS Libri,Classici
Betty Edwards,L'arte del colore. Guida pratica all'uso dei colori,Longanesi,Arte
"Art Wolfe, Rob Sheppard",L'arte della fotografia. Ediz. a colori,White Star,Fotografia
Nicola Gardini,Latino,Alpha Test,Lingue
"Rinaldo Donzelli, Bruno Munari, Piero Polato",Lavori in legno,Orsa Maggiore,Hobby
Gianni Oliva,L'avventura coloniale italiana. L'Africa Orientale Italiana (1885-1942),Edizioni del Capricorno,Storia
Andrea Camilleri,Le ali della sfinge,Sellerio Editore Palermo,Romanzo
A.Conan Doyle,Le avventure di Sherlock Holmes,Newton,Gialli
Davide Castellini,Le canzoni di Peter Gabriel,Editori Riuniti,Musica
Berto Dodson,Le chiavi del disegno,Newton Compton,Arte
Andrea Camilleri,Le inchieste del commissario Collura,Mondadori,Romanzo
Vittorio Sgarbi,Le meraviglie di Roma. Dal Rinascimento ai giorni nostri,Dizionari Dei Monumenti Italiani,Arte
"Laurence Gardner, A. Moro, T. Topini",Le misteriose origini dei re del Graal,Newton Compton,Storia
Ernest Hemingway,Le Nevi del Kilimangiaro / The Snows of Kilimanjaro [Bilingual Text],Mondadori,Romanzo
Martin Rua,Le nove chiavi dell'antiquario. Parthenope trilogy,Newton Compton,Romanzo
George L. Mosse,Le origini culturali del Terzo Reich,Il Saggiatore Tascabili,Storia
Gaetano Salvemini,Le origini del fascismo in Italia,Feltrinelli,Storia
Andrea Camilleri,Le pecore e il pastore,Sellerio Editore Palermo,Romanzo
"Javier Sierra, C. Marinelli",Le porte dei templari,Net,Romanzo
Fabio Volo,Le prime luci del mattino,Mondadori,Romanzo
Oriana Fallaci,Le radici dell'odio. La mia verità sull'Islam,Rizzoli,Sociologia
Hans Jonas,Il concetto di Dio dopo Auschwitz,Il melangolo,Saggi
Pierre Dukan,Le ricette della dieta Dukan. 350 ricette per dimagrire senza soffrire,Sperling Kupfer,Dieta
Gianrico Carofiglio,Le tre del mattino,Einaudi,Romanzo
Emanuele Campiglio,L'economia buona,Presente Storico,Economia
Christian Jacq,L'Egitto dei grandi Faraoni,Mondadori,Archeologia
Muriel Barberry,L'eleganza Del Riccio,EO,Romanzo
Pietro Borromeo,L'enigma del Bafometto,Fermento,Romanzo
Alberto Bevilacqua,L'eros,Mondadori,Romanzo
Luigi. Pirandello,L'Esclusa,Garzanti,Letteratura
Michele Brambilla,L'eskimo in redazione,Mondadori,Politica
Carlo Lucarelli,L'estate torbida,Einaudi,Romanzo
Ian Rankin,Let It Bleed,Orion,Gialli
Andrea Camilleri,L'eta del dubbio,Sellerio Editore,Romanzo
Sabrina Torno,Letteratura latina,Alpha Test,Lingue
Allison Weir,Traitors of the Tower,Vintage UK,Storia
"Vincent Van Gogh, M. Cescon, M. Donvito, B. Casavecchia",Lettere a Theo,Guanda,Arte
"Antonio Gramsci, P. Spriano",Lettere dal carcere,Einaudi,Politica
Joseph Conrad,Cuire di Tenebra,Feltrinelli,
Stephen Shore,Lezione di fotografia. La natura delle fotografie,Phaidon,Fotografia
Margherita Hack,Libera scienza in libero Stato,Rizzoli,Sociologia
Frank Schatzing,Limit,Nord,Romanzo
Milan Kundera,L'Insostenibile Leggerezza dell'essere,Adelphi,Romanzo
Carla Schroder,Linux cookbook,Tecniche Nuove,Informatica
Craig Hunt,Linux Network Server,Jackson Libri,Informatica
"Hill B. Mako, J. Bacon, C. Burger",Linux Ubuntu. La guida ufficiale.,Mondadori Informatica,Informatica
Jonathan Nasaw,L'Isola della strage - Morte ai Caraibi,Mondadori,Gialli
"Christina Lamb, Nujeen Mustafa",Lo straordinario viaggio di Nujeen. Dalla Siria alla Germania in sedia a rotelle per fuggire dalla guerra,Harpercollins Italia,Narrativa
Paulo Coelho,Lo Zahir,Bompiani,Romanzo
Michael Freeman,L'occhio del Fotografo - La composizione nella fotografia digitale,Logos,Fotografia
Irene Belloni,L'occhio di Horus,lulu.com,Romanzo
Pietro Borromeo,L'ombra del Bafometto,Fermento,Romanzo
Wilbur Smith,L'ombra del sole,Tea,Romanzo
Carlos Ruiz Zafon,L'ombra Del Vento,Mondadori,Romanzo
Edward Rutherfurd,London,Arrow,Romanzo
Touring club italiano,London,Servizio cartigrafico del Touring club italiano,Viaggi
Lonely Planet,London (Italian Edition),Lonely Planet Publications - Italian editions,Viaggi
vuoto,Londra,Touring,Viaggi
Rob Humphreys,Londra,Vallardi Viaggi,Viaggi
Ilona Jerger,E Marx tacque nel giardino di Darwin,Neri Pozza Editore,Romanzo
"Walter Benjamin, E. Filippini, M. Valagussa",L'opera d'arte nell'epoca della sua riproducibilità tecnica,Einaudi,Fotografia
Carlo Rovelli,L'ordine del tempo,Adelphi,Fisica
Matilde Asensi,L'Origine Perduta,Sonzogno,Romanzo
Wilbur Smith,L'uccello del sole,Tea,Romanzo
Matilde Asensi,L'Ultimo Catone,Sonzogno,Romanzo
Emiliano Fittipaldi,"Lussuria. Peccati, scandali e tradimenti di una Chiesa fatta di uomini",Serie Bianca,Saggi
Bob Dylan,Lyrics 1962-2001. Testo inglese a fronte,Feltrinelli,Musica
Costantino D'Orazio,Ma liberaci dal male,Sperling Kupfer,Romanzo
Christian Jacq,Maat,Mondadori,Romanzo
Chuck Toporek,Mac OS X Leopard. Guida pocket,Tecniche Nuove,Informatica
Antonio Pennacchi,Mammut,Oscar Contemporanea,Romanzo
"Gianni Barbaceto, Peter Gomez, Marco Travaglio",Mani pulite 25 anni dopo,Chiarelettere,Saggi
Vari,Manuale Cremonese di Elettrotecnica,Edizioni Cremonese,Manuali
Vari,Manuale Cremonese di MECCANICA,Edizioni Cremonese,Manuali
Vari,"Manuale Cremonese di MECCANICA ELETTROTECNICA ELETTRONICA, parte generale",Edizioni Cremonese,Manuali
Vari,"Manuale Cremonese di MECCANINCA ELETTORTECNICA ELETTRONICA, Indici: generale, autori, analitico",Edizioni Cremonese,Manuali
Vari,Manuale del Perito in elettronica telecomunicazioni energia nucleare,Edizioni Cremonese,Manuali
Carlos Ruiz Zafon,Marina,Mondadori,Romanzo
"Mark Ellingham, Shaun McVeigh, Daniel Jacobs, Hamish Brown",Marocco,Vallardi Viaggi,Viaggi
Doris Lessing,Martha Quest,Feltrinelli,Romanzo
Andrea Camilleri,Maruzza Musumeci,Sellerio Editore Palermo,Romanzo
Magaldi Gioele,Massoni. Società a responsabilità illimitata. La scoperta delle Ur-Lodges,Chiarelettere,Saggi
"Albrecht Beutelspacher, A. Peroni",Matematica. Tutto quello che avreste voluto sapere. 101 domande e risposte,Ponte Alle Grazie,Matematica
"Marguerite Yourcenar, L. Storoni Mazzolani",Memorie di Adriano. Seguite dai taccuini di appunti,Einaudi,Storia
Martha Nasib?,Memorie di una principessa etiope,Neri Pozza,Romanzo
Tim Wu,The Master Switch,Atlantic Books,Saggi
Maurizio Pallante,Meno e meglio. Decrescere per progredire,Mondadori,Saggi
"Thomas Thoenes, Frank Z?llner",Michelangelo,Taschen,Arte
"Khaled Hosseini, I. Vaj",Mille splendidi soli,Piemme,Romanzo
Vittorio Lingiardi,Mindscapes. Psiche nel paesaggio,Cortina Raffaello,Sociologia
Wilbur Smith,Monsone,Tea,Romanzo
Danila Comastri Montanari,Morituri te salutant,Hobby Work Publishing,Romanzo
Danila Comastri Montanari,Mors tua,Oscar Bestsellers,Romanzo
Ian Rankin,Mortal Causes,Ian Rankin,Gialli
Antonio Cederna,Mussolini urbanista. Lo sventramento di Roma negli anni del consenso,Corte del Fontego,Saggi
Michael Kofler,My SQL 5,Apogeo,Informatica
Bois Paul Du,MySQL,Pearson Education Italia,Informatica
"Paul DuBois, Stefan Hinz, Carsten Pedersen",MySQL 5.0 Certification Study Guide (MySQL Press),MySQL Press,Informatica
"Jeremy D. Zawodny, Derek J. Balling",MySQL. Guida avanzata,Tecniche Nuove,Informatica
MySQL AB,MySQL. Guida ufficiale,Mondadori Informatica,Informatica
Lewis,Naples '44: A World War II Diary of Occupied Italy,DaCapo Press,Storia
"Boris Pahor, E. Martin",Necropoli,Fazi,Romanzo
Christin Jacq,Nefer,Mondadori,Romanzo
Alan Drew,Nei giardini d'acqua,Piemme,Romanzo
"Chris Offutt, R. Serrai",Nelle terre di nessuno,Sotterranei,Racconti
Danila Comastri Montanari,Nemesis,Hobby Work Publishing,Romanzo
Marcella Russano,"Nero a meta'. Dalle origini a ""Grande madre"" tutta la poesia di Pino Daniele",Best Bur,Musica
CHRISTINA LATHAM-KOENIG CLIVE OXENDEN,NEW ENGLISH FILE INTERMEDIATE PACK WITHOUT KEY MULTIROM PACK (NEW ENGLISH FILE INTERMEDIATE PACK),Oxford University Press,Lingue
vari,New Yorkers - Short Stories: 700 Headwords (Oxford Bookworms Library),Oxford University Press,Lingue
Giorgio Faletti,Niente di vero tranne gli occhi,Dalai Editore,Romanzo
Franco Battiato,Niente e' come sembra. Con DVD,Bompiani,Musica
George Orwell,Nineteen Eighty-four,Penguin,Romanzo
"Carlo Conti, E. Giovannini, L. Siano",Noi che... I migliori anni,Mondadori,Attualita
vuoto,vuoto,vuoto,Animali
Margaret Mazzantini,Non Ti Muovere,Mondadori,Romanzo
Alberto Burgio,Nonostante Auschwitz. Il ritorno del razzismo in Europa,Deriveapprodi,Saggi
Carlo Tronchetti,Nora,Delfino Carlo Editore,Archeologia
Giovanni Boccaccio,Novelle dal Decameron,Vallardi A.,Letteratura
Paulo Coelho,O Alquimista,"Bertrand, Livraria",Romanzo
Antonio Gramsci,Odio gli indifferenti,Chiarelettere,Saggi
Francis Scott Fitzgerald,Il grande Gatsby,Feltrinelli,Romanzo
Omero,Odissea. Ediz. integrale,Newton Compton,Letteratura
Charles Dickens,Oliver Twist: 2500 Headwords (Oxford Bookworms Library),Oxford University Press,Romanzo
Ian McEwan,On Chesil Beach,Vintage,Romanzo
Marquez Gabriel Garcia,Opere narrative. Vol. 1,Mondadori,Letteratura
Marquez Gabriel Garcia,Opere narrative. Vol. 2,Mondadori,Letteratura
"Giacomo Leopardi, A. Prete",Operette Morali,Universale Economica. I Classici,Letteratura
"Kevin Loney, Marlene Theriault",Oracle 9i DBA. Implementazioni di soluzioni amministrative per esperti,McGraw-Hill Oracle Press,Informatica
Michael McLaughlin,Oracle Database 10g Express Edition PHP Web Programming (Osborne ORACLE Press Series),McGraw-Hill Osborne Media,Informatica
Edward Whalen,Oracle Database 10g. Amministrazione in Linux,McGraw-Hill Companies,Informatica
"Scott Hurman, Ron Hardman, Michael McLaughin",Oracle Database 10g. Programmazione PL/SQL,McGraw-Hill Oracle Press,Informatica
Jason Price,Oracle Database 10g. SQL,McGraw-Hill Oracle Press,Informatica
"Lawrence C. Linnemeyer, Bradley D. Brown",Oracle HTML DB. Applicazioni Express,McGraw-Hill Oracle Press,Informatica
Wilbur Smith,Orizzonte,RL Libri,Romanzo
Marco Del Freo,Orizzonte bianco. Scoperte scientifiche e avventura umana nella base italiana in Antartide,Sperling,Saggi
Karen Blixen,Out of Africa (Penguin Modern Classics),Penguin Classics,Romanzo
"Albert Sydney Hornby, Sally Wehmeier",Oxford Advanced Learner's Dictionary,Oxford University Press,Lingue
"Catherine Soanes, Angus Stevenson",Oxford dictionary of English.,Oxford University Press,Lingue
vuoto,OXFORD STUDY per studenti d'inglese,Oxford University Press,Lingue
WilliamSomerse Maugham,Painted Veil,VINTAGE,Romanzo
Antonio Pennacchi,Palude,I Tascabili,Romanzo
Christin Jacq,Paneb,Mondadori,Romanzo
Umberto Eco,Pape Satan Aleppe: Cronache di una società liquida,La nave di Teseo,Saggi
Danila Comastri Montanari,Parce sepulto,Hobby Work Publishing,Romanzo
"Paolo Puntoni, Renzo De Felice",Parla Vittorio Emanuele III,Il Mulino,Storia
"Giobbe Covatta, stefano disegni",Parola Di Giobbe,adriano salani editore,Attualita
Roberta Ferraris,"Pasta madre. Tutto ciò che devi sapere per produrla, conservarla e utilizzarla al meglio",Terre di Mezzo,Cucina
"Alessandro Bellini, Andrea Guidi",Perl e Internet,McGraw-Hill Companies,Informatica
Marisa Padovani,Photoshop CS,Apogeo,Informatica
Scott Kelby,Photoshop CS5 per la fotografia digitale,Pearson,Informatica
"Andi Gutmans, Stig Bakken, Derick Rethans",PHP 5 Guida completa,Apogeo,Informatica
vuoto,PHP 5. Guida per lo sviluppatore,Hoepli,Informatica
Lin Anderson,Picture Her Dead (Rhona MacLeod),Hodder Stoughton,Gialli
Angelo Petrella,Pompei. L'incubo e il risveglio,Rizzoli,Storia
Anna Foa,Portico d'Ottavia n. 13. Una casa del ghetto nel lungo inverno del '43,Laterza,Romanzo
Mark Mamone,Practical Mono (Expert's Voice in Open Source),Apress,Informatica
Jane Austen,Pride and Prejudice: 2500 Headwords (Oxford Bookworms Library),Oxford University Press,Romanzo
"Bart D. Ehrman, M. Grosso","Prima dei vangeli. Come i primi cristiani hanno ricordato, manipolato e inventato le storie su Ges?",Carocci,Storia
John Ingledew,Professione: fotografo,Logos,Fotografia
"Mark Lutz, David Asher",Programmare con Python,Hoepli,Informatica
Cesare Rizzi,Progressive & Underground,Giunti Editore,Musica
Erich Fromm,Psicoanalisi dell'amore,Newton Compton,Psicologia
Antonio Manzini,Pulvis et umbra,Sellerio Editore Palermo,Romanzo
Marco Beri,Python,Apogeo,Informatica
Wilbur Smith,Quando vola il falco,Tea,Romanzo
"Agatha Christie, M. G. Griffini, L. Lax",Quattro casi per Hercule Poirot,Mondadori,Gialli
Hermann Hesse,Racconti,Newton Compton,Racconti
Franz Kafka,Racconti,Mondadori,Racconti
Doris Lessing,Racconti africani,Feltrinelli,Racconti
Doris Lessing,Racconti Londinesi,Feltrinelli,Racconti
Franco Cimmino,Ramesses II Il Grande,Rusconi,Romanzo
vuoto,Ramses 4 Regina DI Abu Simbel (Italian Edition),Mondadori,Storia
vuoto,Ramses o Dimora Millenaria (Italian Edition),Mondadori,Storia
Christian Jacq,Ramses: L'ultimo nemico,Mondadori,Romanzo
"Marco Travaglio, Peter Gomez",Regime,BUR Biblioteca Univ. Rizzoli,Saggi
Andrews Tanenbaum,Reti di Computer,UTET,Informatica
"Zygmunt Bauman, M. Cupellaro",Retrotopia,Tempi Nuovi,Sociologia
Roberto Fanchini,Rhinoceros. Guida all'uso,FAG,Informatica
"Costantino D'Orazio, Mimmo Paladino","Ritratti romani. Chi ha costruito Roma, come e perchè",Palombi Editori,Saggi
Italo Insolera,Roma fascista: Nelle fotografie dell'Istituto Luce (L'immagine e la storia),Editori riuniti,Storia
"Ginevra Lovatelli, Adriano Morabito, Marco Gradozzi",Roma insolita e segreta. Ediz. a colori,Jonglez,Arte
Mario Sconcerti,Romolo. L'alba di Roma da riscrivere,Dalai Editore,Storia
Stephen King,Running Man,Penguin Books Australia,Romanzo
Alberto Angela,San Pietro. Segreti e meraviglie in un racconto lungo duemila anni,Di Tutto Di Pi?,Arte
Danila Comastri Montanari,Saturnalia,Mondadori,Romanzo
Danila Comastri Montanari,Scelera,Hobby Work Publishing,Romanzo
"Rob Humphreys, Donald Reid",Scozia,Vallardi Viaggi,Viaggi
300.000. Ediz. multilingue,"Scozia, Inghilterra del Nord 1:300.000. Ediz. multilingue",Marco Polo,Viaggi
Oriana Fallaci,Se il Sole Muore,BUR Biblioteca Univ. Rizzoli,Romanzo
"Peter Gomez, Marco Travaglio",Se li conosci li eviti,Chiarelettere,Attualita
Andrew Yule,Sean Connery: Neither Shaken nor Stirred,"Little, Brown Book Group",Biografia
Jackie Maguire,Seasons and Celebrations (Oxford Bookworms Library),Oxford University Press,Lingue
Lilla Salgado,Sebastiao Salgado. Genesis,Taschen,Fotografia
Luigi Pirandello,Sei Personaggi in Cerca d'Autore / Enrico IV (Italian Edition),Mondadori,Letteratura
"Mark Wilding, Dan Behman",Self service Linux,Apogeo,Informatica
Dino Buzzati,Sessanta Racconti,Mondadori,Racconti
Sigmund Freud,Sessualità e vita amorosa,Newton Compton,Psicologia
Carlo Rovelli,Sette brevi lezioni di fisica,Adelphi,Fisica
Sir Arthur Conan Doyle,Sherlock Holmes Short Stories: 700 Headwords (Oxford Bookworms Library),Oxford University Press,Lingue
Hermann Hesse,Siddharta,Adelphi,Romanzo
"Ramez A. Elmasri, Shamkant B. Navathe",Sistemi di basi di dati,Pearson Education Italia,Informatica
Robert Capa,Slightly Out of Focus (Modern Library War),Modern Library,Storia
Luciano De Crescenzo,Socrate,A. Mondadori,Filosofia
Giuseppe Gioachino Belli,Sonetti,Mondadori,Poesia
Danila Comastri Montanari,"Spes, ultima dea",Hobby Work Publishing,Romanzo
Mario Biey,Spice e PSpice. Introduzione all'uso,CLUT,Elettronica
"Mary Beard, A. Piccato",SPQR. Storia dell'antica Roma,Mondadori,Storia
Paolo Villaggio,Storia della libertà di pensiero,Feltrinelli,Sociologia
Franco Cimmino,Storia delle Piramidi,Rusconi,Storia
Silvio Lanaro,Storia dell'Italia repubblicana (1946-1991),Marsilio,Storia
Indro Montanelli,Storia di Roma,BUR Biblioteca Univ. Rizzoli,Storia
Erodoto,Storie. Testo greco a fronte. Vol. 1: Libri I-IV.,Mondadori,Letteratura
"David Gibson, M. Villa",Street photography. Manuale del fotografo di strada,Il Castello,Fotografia
Ian Rankin,Strip Jack,Orion Books,Gialli
"Gaetano Salvemini, S. Bucchi",Sulla democrazia,Bollati Boringhieri,Politica
"Susan Sontag, Ettore Capriolo, E. Capriolo",Sulla fotografia. Realtà e immagine nella nostra societ,Einaudi,Fotografia
Barack Obama,Sulla razza. Testo inglese a fronte,Rizzoli,Sociologia
Wilbur Smith,Sulla rotta degli squali,Tea,Romanzo
"Hermann Hesse, Bruna Bianchi",Sull'amore,Mondadori,Sociologia
"Hermann Hesse, Paola Sorge",Sull'anima,Newton e Compton,Saggi
Thomas Myer,Sviluppo Web con XML e PHP,Mondadori Informatica,Informatica
Jens Finke,Tanzania,Vallardi Viaggi,Viaggi
"William Shakespeare, G. Melchiori",Teatro completo. Testo inglese a fronte. 2.Le commedie romantiche,Mondadori,Classici
Thomas Sanders,Terreno di Gioco,Sonzogno,Romanzo
vuoto,Testi religiosi dell'antico Egitto,Mondadori,Religione
Donald Omand,The Argyll Book,"Birlinn, Limited",Storia
Anthony Ryder,The Artist's Complete Guide to Figure Drawing: A Contemporary Perspective On the Classical Tradition,Watson-Guptill,Arte
J.K. Rowling,The Casual Vacancy,"Little, Brown",Romanzo
Robert Galbraith,The Cuckoo's Calling,"Little, Brown Book Group",Romanzo
"Leonard Mlodinow, Stephen Hawking",The Grand Design,Bantam,Fisica
Sir Arthur Conan Doyle,The Hound of the Baskervilles (Penguin Popular Classics),Penguin Classics,Gialli
Jonathan Coe,The House of Sleep,Penguin,Romanzo
"Mark Logue, Peter Conradi",The King's Speech,Quercus Publishing Plc,Romanzo
Khaled Hosseini,The Kite Runner,Bloomsbury Publishing Inc,Romanzo
Stephen S. Mehler,The Land of Osiris,Adventures Unlimited Press,Archeologia
Martin Sixsmith,The Lost Child of Philomena Lee,Pan,Romanzo
Doyle Arthur Conan,The memories of Sherlock Holmes,Giunti Editore,Gialli
Agatha Christie,The Mystery of the Blue Train (Hercule Poirot Mysteries),Penguin,Gialli
Ansel Adams,"The Negative (Ansel Adams Photography, Book 2)","Little, Brown",Fotografia
Ansel Adams,"The Print (Ansel Adams Photography, Book 3)","Little, Brown",Fotografia
Jonathan Coe,The Rain Before It Falls,Viking Books,Romanzo
Lin Anderson,The Reborn: Rhona Macleod Book 7 (Rhona Macleod 7),Hodder,Romanzo
Jason Mott,The returned,Harlequin Mondadori,Romanzo
David Sax,The Revenge of Analog: Real Things and Why They Matter,PublicAffairs,Attualita
Robert Galbraith,The Silkworm (Cormoran Strike),Sphere,Romanzo
Nigel Tranter,The Story of Scotland,Neil Wilson Publishing,Storia
Jonathan Coe,The Terrible Privacy of Maxwell Sim,Penguin Books,Romanzo
Isabel Wilkerson,The Warmth of Other Suns: The Epic Story of America's Great Migration (Vintage),Vintage,Storia
Susan Hill,The woman in black (La donna in nero),Polillo,Romanzo
Jerome Kapla Jerome,Three Men in a Boat,Penguin Classics,Racconti
Niccolo Ammaniti,Ti Prendo E Ti Porto Via,Mondadori,Romanzo
Ian Rankin,Tooth & Nail,Orion Book,Romanzo
Franco Giustolisi,L'armadio della vergogna,BEAT,Storia
Lin Anderson,Torch (Rhona MacLeod),Hodder Stoughton,Romanzo
Baruch Spinoza,"Trattato dei tre impostori. Mosè, Gesù, Maometto",Piano B,Saggi
Ernest  Hemingway,True at First Light,Easton Press,Romanzo
Isaac Rabinovitch,Tutorial Java. Corso rapido. Con CD-ROM,McGraw-Hill Companies,Informatica
Francesco Totti,Tutte le barzellette su Totti : raccolte da me,Mondadori,Attualita
Ann Cleeves,The sleeping and the dead,PAN BOOKS,Romanzo
"Giuseppe Verdi, P. Mioli",Tutti i libretti d'opera,Newton Compton,Musica
Giovanni Di Iacovo,Tutti i poveri devono morire,Castelvecchi,Saggi
"Edgar Allan Poe, D. Palladini, I. Donfrancesco","Tutti i racconti del mistero, dell'incubo e del terrore",Newton Compton,Racconti
Luigi Pirandello,Tutti i romanzi. Vol. 1,Mondadori,Letteratura
Luigi Pirandello,Tutti i romanzi. Vol. 2,Mondadori,Letteratura
U2,U2. Tutti i testi con traduzione a fronte,Giunti Editore,Musica
Wilbur Smith,Uccelli da preda,Tea,Romanzo
Andrea Camilleri,Un filo di fumo,Sellerio Editore Palermo,Romanzo
Giuseppe Antonelli,Un italiano vero. La lingua in cui viviamo,Rizzoli,Lingue
Doris Lessing,Un Matrimonio per Bene (Universale Economica Feltrinelli),Feltrinelli,Romanzo
Alberto Angela,"Una giornata nell'antica Roma. Vita quotidiana, segreti e curiosit",Mondadori,Storia
Andrea Camilleri,Una Lama Di Luce,Sellerio di Giorgianni,Romanzo
Wilbur Smith,Un'aquila nel cielo,Tea,Romanzo
Wilbur Smith,Vendetta di sangue,Longanesi,Romanzo
Margaret Mazzantini,Venuto Al Mondo,Mondadori,Romanzo
Ernest Hemingway,Verdi colline d'Africa,Mondadori,Romanzo
Carlo Lucarelli,Via delle Oche,Sellerio Editore Palermo,Romanzo
Franco Pezzini,"Victoriana. Maschere e miti, demoni e dei del mondo vittoriano",Odoya,Saggi
vuoto,Vini d'Italia 2011,Gambero Rosso GRH,Cucina
Francesco Balena,Visual Basic 6,Mondadori,Informatica
"Bertolt Brecht, E. Castellani",Vita di Galileo,Einaudi,Storia
Nicola Gardini,Viva il latino. Storie e bellezza di una lingua inutile,Garzanti Libri,Lingue
Andrea Camilleri,"Voi non sapete. Gli amici, i nemici, la mafia, il mondo nei pizzini di Bernardo Provenzano",Mondadori,Saggi
Andrea Camilleri,I racconti di Nenè,Feltrinelli,Romanzo
Giuseppe Benedetti / Doantella Coccoli,Gramsci per la scuola,L'asino d'oro,Saggi
Benjamin Jacobs,Il dentista di Auschwitz,GINGKO,Romanzo
Flavio Caroli,La storia dell'arte,Electa,Arte
Ann Cleeves,Too good to be true,PAN BOOKS,Romanzo
Giovanni Fasanella,Il Puzzle Moro,Chiarelettere,Saggi
Andrea Camilleri,Il metodo Catalanotti,Sellerio,Romanzo
Vittorino Andreoli,Il silenzio delle pietre,Rizzoli,Romanzo
Philip  K. Dick,La svastica sul sole,Fanucci Editore,Romanzo
Pietro Ratto,L'Honda anomala,Bibliotheka,Politica
Amedeo Osti Guerrazzi,Gli anni della vergogna 1938-1945,Gangemi editore,Storia
Michela Murgia,Istruzioni per diventare fascisti,SUPER ET OPERA VIVA,Sociologia
Antonio Manzini,Fater il vostro gioco,Sellerio,Romanzo
Marco Baliani,Il regno di Acilia,BUR,Romanzo
Luis Fernando Verissimo,O melhor das Comedias da Vida Privada,OBJETIVA,Racconti
Enrico Mattei,Il complesso d'inferiorità,Edizioni di comunità,Sociologia
Mark Saborn,Fed Factor,Random House Business Books,Sociologia
AAVV,Dizionario LATINO,DeAgostini,Dizionari
"Jessey Bullock, Jeff Parker",Wireshark e Metasploit,Apogeo,Informatica
Anna Frank,Diario,CRESCERE EDIZIONI,Storia
Aldo Busi,El especialista de Barcelona,Baldini & Castoldi,Romanzo
Tom Shore,Pilgrim Spy,Coronet,Spionaggio
Alessandra Kersevan,Un campo di concentramento fascista,RESISTENZA STORICA KAPPA VU,Storia
Pier Paolo Pasolini,Il fascismo degli antifascisti,Garzanti,Politica
Ian Rankin,Watchman,Orion Books,Romanzo
Massimo Cotto,We will rock you. Segreti e bugie. 709 canzoni come non le avete mai sentite,BUR Rizzoli,Musica
Graham Hancock,Il ritorno degli dei,Corbaccio,Storia
Gunter Beer,Web Design Index,Agile Rabbit,Informatica
Jonathan Coe,What a Carve Up!,Penguin,Romanzo
"Martin B. Withers, David Hosking",Wildlife of East Africa (Princeton Illustrated Checklists),Princeton University Press,Animali
William R. Stanek,Windows Command line. Guida pratica,Mondadori Informatica,Informatica
Jens Finke,Zanzibar,Vallardi Viaggi,Viaggi
Aleksandr Isaevic  Solzenicyn,Arcipelago Gulag,Mondadori,Storia
Philippe Daverio,Grand Tour d'Italia a piccoli passi,Rizzoli,Arte
Zygmunt Bauman,Vita liquida,Laterza,Sociologia
Zygmunt Bauman,Amore liquido,Laterza,Sociologia
Zygmunt Bauman,Di nuovo soli,Castelvecchi,Sociologia
Paul Lowe,1001 Fotografie da vedere nella vita,Atlante,Fotografia
Francesco Amodeo,La Matrix Europea,edizioni Sì,Politica
Antonio Manzini,Rien ne va plus,Sellerio editore Palermo,Romanzo
"Paolo Giovannini, Marco Palla",Il fascismo dalle mani sporche,Editori Laterza,Storia
Erasmo da Rotterdam,Elogio della Follia,Mondadori,Saggi
J. D. Salinger,Il giovane Holden,Einaudi,Romanzo
Platone,La Repubblica,Laterza,Filosofia
Epicuro,Lettera sulla felicità,Einaudi,Filosofia
Giuseppe Riva,Fake news,Il Mulino,Saggi
Ian Kershaw,Hitler,Bompiani,Storia
Ann Cleeves,Telling tales,Pan Books,Romanzo
Muammar Gheddafi,Libro Verde,GOG,Storia
Erico Verissimo,Incidente em Antares,Companhia De Bolso,Romanzo
Paolo Rumiz,Appia,Feltrinelli,Archeologia
Caio Giulio Cesare,La guerra gallica,BUR,Storia
Aristotele,Poetica,Laterza,Filosofia
Philippe Even,Colestdrolo tutta la verità,Tecniche Nuove,Medicina
Barbara H. Roberts,La verità sul colesterolo,Edizioni punto d'incontro,Medicina
Massimo Cacciari,La mente inquieta,Einaudi,Filosofia
Chiara Mercuri,DANTE - una vita in esilio,Laterza,Storia
Massimo Bacale - Piera Borghetti,Etiopia - il cuore antico dell'Africa,Polaris,Viaggi
Francesco Piazzi,Lessico essenziale di Latino,Cappelli Editore,Lingue
Johannes Nathan - Frank Zoller,Leonardo da Vinci - The Graphic Work,TASCHEN,Arte
E. H. Gombrich,La Storia dell'Arte,Phaidon,Arte
Gilles Neret,Renoir,Taschen,Arte
Yuval Noah Harari,"Sapiens, Da animali a dei",Bompiani,Storia
Angelo del Boca,Gli italiani in Libia - dal fascismo a Gheddafi,,Storia
Angelo del Boca,Gli italiani in Libia 1860-1922,,Storia
Giordano Bruno,De Umbris Idearum,Di Renzo Editore,Saggi
Umberto Eco,Migrazioni e intolleranza,La Nave di Teseo,Saggi
Federico Finchelstein,Dai Fascismi ai Populismi,Donzelli Editore,Saggi
Giuseppe Catozzella,Non dirmi che hai paura,Feltrinelli,Romanzo
Carlo Levi,Cristo si è fermato a Eboli,Einaudi,Romanzo
Franco Berrino,Ventuno giorni per rinascere,Mondadori,Salute
Jon Erickson,L'arte dell'hacking,Apogeo,Informatica
Justin Seitz,Python per hacker,Edizioni LSWR,Informatica
Peter Norton,Le Reti,Apogeo,Informatica
Fred Butzen,The Linux Network,The M&T Books Slackware series,Informatica
"Gordon ""Fyodor"" Lyon",NMAP Network Scanning,Nmap.org,Informatica
Stuart McClure,Hacker 7.0,Apogeo,Informatica
Marco Buttu,Programmare con Python,pro DigitalLifeStype,Informatica
Thomas Hobbes,Leviatano,Bompiani,Filosofia
PLUTO Linux User Group,Linux How To,Apogeo,Informatica
Joe Brockmeier,Slackware Linux 7,PRIMA TECH,Informatica
Michael Kofler,MySQL5 Guida Completa,Apogeo,Informatica
"Alessandro Vespignani, Rosita Rijitano",L'algoritmo e l'oracolo,Il Saggiatore,Saggi
Guido Saraceni,Fuoco è tutto ciò che siamo,Sperling $ Kupfer,Romanzo
Paolo Rumiz,Il filo infinito,Feltrinelli,Storia
Andrea Vitali,"Documenti, prego",Einaudi,Romanzo
Valerio Massimo Manfredi,Il mio nome è nessuno,Mondadori,Romanzo
vari,Sicilia,Touring Club Italiano,Viaggi
Andrea Camilleri,Il cuoco dell'Alcyon,Sellerio,Romanzo
Hans Fallada,Ognuno muore solo,Sellerio,Romanzo
Giorgio Colli,La nascita della filosofia,Adelphi,Filosofia
Annette Hess,L'interprete,Neri Pozza BLOOM,Romanzo
Primo Levi,"Se non ora, quando?",Einaudi,Romanzo
Primo Levi,I sommersi e i salvati,Einaudi,Romanzo
Primo Levi,La tregua,Einaudi,Romanzo
Primo Levi,Il sistema periodico,Einaudi,
Primo Levi,La chiave a stella,Einaudi,Romanzo
Concita De Gregorio,Nella Notte,Feltrinelli,Romanzo
H. Schildt,C guida tascabile,McGrawHill,Informatica
Marco Beri,Python,Apogeo,Informatica
Michel Stutz,Linux guida pratica,Mondadori,Informatica
Joseph Roth,La Cripta dei Cappuccini,Adelphi,Romanzo
Felice Benuzzi,No Picnic On Mount Kenya,Maclehose Press,Romanzo
Cacciari ++,Barbarie,BUR,Saggi
"Giuseppe Lo Bianco, Sandra Rizza",L'agenda rossa di Paolo Borsellino,Chiarelettere,Storia
Salvatore Petrotto,Il sistema montante,Bonfirraro editore,Attualita
Johann Wolgang Goethe,Viaggio in Sicilia,Libri mediterranei,Storia
Vari,Federico II e il suo tempo,Edizioni di storia e studi sociali,Storia
Mauro Biglino,Il libro che cambierà per sempre le nostre idee sulla bibbia,Editori UNO,Storia
Mauro Biglino,La Bibbia non parla di Dio,Mondadori,Storia
Giovanni Boccaccio,Decameron,Crescere edizioni,Classici
Ian McEwan,My Purple Scented Novel,Vintage,Racconti
Ian McEwan,Machines like me,Jonathan Cape,Romanzo
Cicerone,De Senectute De Amicitia,Mondadori,Classici
Claudio Rendina,La grande guida dei monumenti di Roma,Newton Compton,Archeologia
Claudio Rendina,Guida insolita di Roma,Newton Compton,Archeologia
Maurizio Viroli,Nazionalisti e Patrioti,Laterza,Saggi
Chiara Mercuri,"Francesco d'Assisi, la storia negata",Laterza,Storia
Alessandro Mulieri,Democrazia Totalitaria,Donzelli Editore,Saggi
Howard M. Berlin,La progettazione dei circuiti amplificaori operazionali,Jackson Italiana Editrice,Elettronica
Howard M. Berlin,La progettazione dei filtri attivi,Jackson Italiana Editrice,Elettronica
Walter Veltroni,Assassinio a Villa Borghese,Marsilio Lucciole,Gialli
Indro Montanelli,Storia di Roma,Rizzoli,Storia
Luciano Lozio,Microbiota Intestinale,Tecniche nuove,Medicina
Paolo Naso,Le religioni sono vie di pace,Laterza,Saggi
Edward Snowen,Errore di sistema,Longanesi,Autobiografico
Elena Pigozzi,Come difendersi dai Romani,Demetra,Humor
Jonah Goldberg,Miracolo e Suicidio dell'Occidente,Liberilibri,Politica
Fabio Cusimano,Modo di legare i libri,Officina Studi Medievali,Hobby
Zap e Ida,Wikibolario,Dario Flaccovio Editore,Humor
Andrea Camilleri,Autodifesa di Caino,Sellerio,Teatro
Italo Svevo,Una Vita,Garzanti,Romanzo
Italo Svevo,La Coscienza di Zeno,Feltrinelli,Romanzo
Italo Svevo,Senilità,Feltrinelli,Romanzo
"Guillaume Sorel, Christine Coste","Praga, Itinerari d'autore",EDT,Viaggi
Michelin,Praga,Michelin,Viaggi
Nigel Pavitt,Samburu,Kyle Cathie Limited,Viaggi
"Mariavittoria Carnovale, Aldo Chietera",Matera,Edizioni Giannatelli,Viaggi
Johan Beck-Friis,Il Cimitero Acattolico di Roma,Casa editrice ALLHM,Archeologia
Gino Montefinale,Cinque Terre e Porto Venere,Edizioni KINA ITALIA,Viaggi
Vari,Chingula e altre storie,Edizioni dell'Arco,Fiabe
Vari,Poeti Africani Anti Apartheid,Edizioni dell'Arco,Poesia
"Salvatore Colombo, Francesco Ticca",Guida di Dorgali e Cala Gonone,Editrice Archivio Fotografico Sardo,Viaggi
Laura Rangoni,Piatti Unici 500 ricette,Newton Compton Editori,Cucina
Alessandro Roccati,Museo Egizio di Torino,Istituto Poligrafico e Zecca dello Stato,Archeologia
"Elena Luraghi, Cinzia Rando",52 weekend da sogno,National Geographic,Viaggi
Vari,Elba tutte le spiagge,Gruppo editoriale Nove,Viaggi
Vari,Rosslyn Chapel,The Earl of Rosslyn,Viaggi
Vari,Il Castello di Edimburgo,Historic Scotland,Viaggi
Vari,The Burrel Collection,Harper Collins,Archeologia
Piero Gelli,Dizionario dell'Opera 2008,Baldini Castoldi Dalai,Musica
Vari,Brasile,Lonely Planet,Viaggi
"Marco Gustin, Mattia Brambilla, Claudio Celada","Conoscerli, Proteggerli",LIPU,Ambiente
Francesco Sinagra,Il Ghetto di Roma,Edizioni Gaia,Archeologia
Vari,Siena,Tempo Libero,Viaggi
Vari,Osterie d'Italia 2020,Slow Food Editore,Cucina
Vari,I Borghi più belli d'Italia,Società Editrice Romana,Viaggi
Roberto Calasso,Il Libro di Tutti i Libri,Adelphi,Saggi
Chris Knight,Il Ritratto Perfetto,Apogeo,Fotografia
"Corrado Augias, Giovanni Filoramo",Il Grande Romanzo dei Vangeli,Einaudi,Storia
Melania Gaia Mazzucco,L'Architettrice,Einaudi,Romanzo
James Redfield,La Profezia di Celestino,Corbaccio,Romanzo
Yuval Noah Harari,"Homo Deus, breve storia del futuro",Bompiani,Saggi
Vari,Come insultavano gli antichi Romani,Il melangolo,Archeologia
Valerio Massimo Manfredi,Antica Madre,Mondadori,Romanzo
Yuval Noah Harari,21 Lezioni per il XXI Secolo,Bompiani,Saggi
Heather Dune Macadam,Le 999 donne di Auschwitz,Newton Compton Editore,Romanzo
Hans Tuzzi,Al Vento dell'Oceano,Bollati Boringhieri,Romanzo
Franco Crivellari,Analisi statistica dei dati con R,Apogeo,Statistica
Dean Koontz,The Eyes of Darkness,Nkui Inc,Romanzo
Cesare Catananti,Il Vaticano Nella Tormenta,San Paolo,Storia
Albert Camus,La Peste,Bompiani,Romanzo
Stefano Gasparri,Italia Longobarda,Laterza,Storia
Ralf Rothmann,IL DIO DI UNA ESTATE,Neri Pozza editore,Romanzo
Federico De Roberto,I Vicerè,Mondadori,Romanzo
Richard Wrangham,Il Paradosso della Bontà,Bollati Boringhieri,Saggi
Mariapia Veladiano,Parole di scuola,Ugo Guanda Editore,Saggi
Cosmo Giacomo Sallustio Salvemini,Epuloni e Lazzari,europa edizioni,Saggi
Francesco Filippi,Mussolini ha fatto anche cose buone,La Repubblica,Saggi
Paolo Bonolis,Perchè parlavo da solo,Rizzoli,Autobiografico
Stefania Auci,I Leoni Di Sicila,NORD,Romanzo
Nicola Zamperini,Manuale di disobbedienza digitale,Castelvecchi,Saggi
Aldo Maria Valli,Come la Chiesa finì,Liberilibri,Romanzo
Curzio Malaparte,Il buonuomo Lenin,Adelphi,Saggi
Massimo Gaggi,Homo Premium,Laterza,Saggi
Giuliano Battiston,La sinistra che verrà,minimum fax,Saggi
Adriano Panzironi,Vivere 120 anni: Le Ricette,WTE editore,Cucina
Adriano Panzironi,Vivere 120 anni,WTE editore,Dieta
Seneca,Le Consolazioni,BUR,Classici
Sandra Evans,Menschen A1.1 kursbuch,Hueber,Lingue
Sandra Evans,Menschen A1.1 arbeitsbuch,Hueber,Lingue
Hans Scollo,DEUTSCHE GRAMMATIK FUR ITALIENER,GRAPHICS EDITORE,Lingue
"G. Espa, R. Micciolo",Analisi esplorativa dei dati con R,Maggioli editore,Statistica
Maurizio De Pra,Finalmente ho capito la Statistica,Vallardi,Statistica
Fernando Azervedo,3250 Acordes para violao,Bruno Quaino editores,Musica
Marc-Uwe Kling,Quality Land per ottimisti,Feltrinelli,Saggi
Philip Roth,L'Animale Morente,Einaudi,Romanzo
Philip Roth,Everyman,Einaudi,Romanzo
Luisa Giacoma - Susanne Kolb,Il Tedesco Smart,Zanichelli,Dizionari
Seneca,La tranquillità dell'anima,Acquarelli,Classici
Antonio Manzini,Ah l'amore l'amore,Sellerio,Romanzo
Erri De Luca,Il contrario di uno,Feltrinelli,Romanzo
Valerio Massimo Manfredi,Idi di Marzo,Mondadori,Storia
Corrado Augias,Breviario per un confuso presente,Einaudi,Saggi
Ian McEwan,L'Inventore di sogni,Einaudi,Racconti
Andrea Camilleri,Riccardino,sellerio,Romanzo
James Joyce,Gente di Dublino,La rana volante,Racconti
Jack London,Il tallone di ferro,Mondadori,Romanzo
Jack London,Il vagabondo delle stelle,Adelphi,Romanzo
Jack London,Il popolo dell'abisso,Mondadori,Romanzo
Antonio Manzini,Sull'orlo del precipizio,sellerio,Romanzo
"Erik Siegel, Adam Retter",eXist,O'REALLY,Informatica
Fernando Pessoa,Una Sola Moltitudine vol.1,Adelphi,Poesia
Andrea Camilleri,La danza del gabbiano,Sellerio,Romanzo
Andrea Camilleri,La caccia al tesoro,Sellerio,Romanzo
Giulio Cesare,Guerre in Gallia,Mondadori,Classici
Seneca,Sulla Felicità,BUR,Classici
John Maynard Keynes,"Teoria Generale dell'occupazione, dell'interesse e della moneta",UTET,Economia
Fabiano Massimi,L'Angelo di Monaco,Longanesi,Romanzo
Jack London,La Peste Scarlatta,Adelphi,Romanzo
Stuart Turton,Le sette morti dei Evelyn Headcastle,Neri Pozza,Gialli
Valérie Perrin,Cambiare l'acqua ai fiori,E/O,Romanzo
Paolo Berizzi,L'educazione di un fascista,Feltrinelli,Politica
Theodor W. Adorno,Aspetti del nuovo radicalismo di destra,Marsilio,Filosofia
Francesco Filippi,Ma perchè siamo ancora fascisti?,Bollati Boringhieri,Saggi
Antonio Scurati,M. Il figlio del secolo,Bompiani,Romanzo
Ernest Renan,Vita di Gesù,Amazon,Storia
Gunther Anders,L'Uomo è antiquato - 1,Bollati Boringhieri,Filosofia
Baruch Spinoza,Trattato teologico-politico,Einaudi,Filosofia
Gunther Anders,Noi figli di Eichmann,,Filosofia
Umberto Eco,Costruire il nemico,La Nave di Teseo,Saggi
Marcello Simoni,Il segreto del mercante di libri,Newton Compton,Romanzo
Carlo Alberto Orlandi,Gli archivi segreti della sezione M - V,tre60,Racconti
Massimo Recalcati,La tentazione del muro,Feltrinelli,Saggi
Massimo Recalcati,Il gesto di Caino,Einaudi,Saggi
Mary L. Trump,Too much and Never Enough,Simon & Shuster,Biografia
Antonio Manzini,Gli ultimi giorni di quiete,Sellerio,Romanzo
Massimo Bavastro,Io ti cercherò,Longanesi,Romanzo
Ken Follet,Fu sera e fu mattina,Mondadori,Romanzo
Walter Veltroni,Buonvino e il caso del bambino scomparso,Marsilio,Romanzo
IELTS manuale di preparazione,Anthony Zambonini,Alpha Test,Lingue
"G.Alfano, P.Italia, E.Russo, F.Tomasi",Letteratura italiana 2° volume,Mondadori,Letteratura
Sting,Broken Music,Dial Press Trade Paperbacks,Autobiografico
Gasparini - Mirri,Dispositivi e circuiti elettronici Vol.1,Calderini,Elettronica
Gasparini - Mirri,Dispositivi e circuiti elettronici Vol.2,Calderini,Elettronica
Franco Malenza,La patente da Radioamatore,ed. I.E.,Elettronica
Scott Hacker,The BeOS Bible,Peachpit Press,Informatica
Nuova Elettronica,Schemario Kit 1990,Nuova Elettronica,Elettronica
Camerapix,The spectrum Guide to Kenya,Camerapix,Viaggi
Valerio Massimo Manfredi,Quaranta giorni,Mondadori,Romanzo
"G.Alfano, P.Italia, E.Russo, F.Tomasi",Letteratura italiana 1° volume,Mondadori,Letteratura
Philippe Daverio,Quattro conversazioni sull'Europa,Rizzoli,Saggi
Mimmo Franzinelli,Storia della Repubblica Sociale Italiana,Laterza,Storia
Carlo Rovelli,Helgoland,Adelphi,Fisica
Joseph Tritto,Cina Covid-19,Cantagalli,Attualita
Lannutti E. Alterio T. Fracasso F.,I Conquistatori,,Saggi
"F. Fracassi, T. Alterio",Colpo si Stato,,Saggi
Tiziana Alterio,La Guerra Silenziosa,,Saggi
Lia Tagliacozzo,La generazione del deserto,MANNI,Romanzo
Papa Francesco,Ritorniamo a sognare,PIEMME,Religione
Roberto Calasso,Come ordinare una biblioteca,Adelphi,Saggi
Victor Hugo,Notre-Dame de Paris,Feltrinelli,Romanzo
Gaetano Salvemini,Mussolini diplomatico,Donzelli Editore,Saggi
Umberto Galimberti,I miti del nostri tempo,Feltrinelli,Saggi
Umberto Galimberti,L'ospite inquietante,Feltrinelli,Saggi
Victor Hugo,I Miserabili Vol. 1,Einaudi,Romanzo
Victor Hugo,I Miserabili Vol. 2,Einaudi,Romanzo
Friederich A. von Hayek,Liberalismo,Rubbettino,Saggi
Maurizio De Giovanni,Rondini d'Inverno,Einaudi,Romanzo
Maurizio De Giovanni,Il purgatorio dell'angelo,Einaudi,Romanzo
Benjamin Labatut,Quando abbiamo smesso di capire il mondo,Adelphi,Saggi
Alessandro Barbero,Dante,Laterza,Storia
Dante Alighieri,Vita Nuova,Garzanti,Letteratura
Eric Lomax,The Railway Man,Vintage Books,Romanzo
Dante Alighieri,La Divina Commedia,Hoepli,Letteratura
Alessandro Barbero,Alabama,Sellerio,Romanzo
Andrea Camilleri,La Pensione Eva,Sellerio,Romanzo
